actor/loss,critic/loss,critic/q,test/action/max,test/action/mean,test/action/min,test/action/size,test/action/std,test/episode_length/max,test/episode_length/mean,test/episode_length/min,test/episode_length/size,test/episode_length/std,test/episode_score/max,test/episode_score/mean,test/episode_score/min,test/episode_score/size,test/episode_score/std,train/action/max,train/action/mean,train/action/min,train/action/size,train/action/std,train/episode_length/max,train/episode_length/mean,train/episode_length/min,train/episode_length/size,train/episode_length/std,train/episode_score/max,train/episode_score/mean,train/episode_score/min,train/episode_score/size,train/episode_score/std,train/episodes,train/epoch_seconds,train/epoch_steps,train/epochs,train/seconds,train/steps,train/steps_per_second,train/worker_steps
-4.609977,1.2716162,4.1739383,1.0,-0.22373265,-1.0,2113,0.87209207,1600,422.6,91,5,589.5495229410334,-123.55674879881553,-134.9677466314286,-150.08383721928112,5,9.830617207513196,0.9999559035614456,-0.0024465180495724242,-0.9998732805583885,20000,0.5781033189948392,1600,1089.611111111111,42,18,721.8723447388503,-78.04060799952276,-91.4191456342577,-107.82110174139962,18,9.359097915687284,18.0,30.63650679588318,20000.0,1.0,30.63650679588318,20000.0,652.8159405786931,20000.0
-15.189754,3.766937,14.612242,1.0,0.006556216,-1.0,8000,0.9972964,1600,1600.0,1600,5,0.0,-179.12998127099127,-179.247660456039,-179.307140101213,5,0.06330539373996964,1.0,0.00683457065198088,-1.0,20000,0.8901390165991908,1600,209.61290322580646,36,93,298.5587254154177,-97.98285954911262,-124.21177251302095,-231.67595131643975,93,26.9766312419856,111.0,58.40185499191284,20000.0,2.0,89.07986688613892,40000.0,342.45487583860967,40000.0
-13.459244,3.1472614,13.025487,1.0,0.6133914,-1.0,6721,0.67031854,1600,1344.2,321,5,511.6,-129.41097946251284,-140.29916868269393,-148.64005027637177,5,7.03881422518833,1.0,0.027353698,-1.0,20000,0.89804506,1600,912.1363636363636,64,22,572.416114970295,-6.13051149083185,-143.916781022515,-262.44664519709477,22,53.611690025314594,133.0,62.45229697227478,20000.0,3.0,151.60731291770935,60000.0,320.2444260597628,60000.0
-9.764093,2.8849413,9.341487,1.0,0.38745764,-1.0,8000,0.71961766,1600,1600.0,1600,5,0.0,-119.57673978223465,-134.2302824630402,-149.50128198368475,5,10.093059870420296,1.0,0.19562228,-1.0,20000,0.8646498,1600,498.925,54,40,535.3487829210038,-94.27081252537027,-124.83767928794263,-209.82036913470802,40,26.834528261337148,173.0,64.28223299980164,20000.0,4.0,215.96800804138184,80000.0,311.1279597281836,80000.0
-13.143295,3.2434652,12.654297,1.0,-0.027845863,-1.0,8000,0.89483005,1600,1600.0,1600,5,0.0,-159.6743333666236,-160.9046453528943,-162.28483631046402,5,0.8717865539620536,1.0,0.059711646,-1.0,20000,0.8785458,1600,573.1176470588235,52,34,551.3105116690745,-25.052718551051953,-99.17362230973158,-137.67383603932103,34,30.62387371701198,207.0,63.91978907585144,20000.0,5.0,279.9618740081787,100000.0,312.89214637843503,100000.0
-16.572882,3.3107708,16.071098,1.0,-0.07456861,-1.0,7726,0.9282831,1600,1545.2,1326,5,109.6,89.75603428026079,54.559450532388,-55.36867922096792,5,55.124545000131135,1.0,0.08827508,-1.0,20000,0.892629,1600,455.4782608695652,46,46,508.3788273877128,213.29764104524293,-78.23547913934321,-158.397592126159,46,80.30264155168939,253.0,62.2571759223938,20000.0,6.0,342.30797290802,120000.0,321.24810840971725,120000.0
-21.108583,3.04925,20.602839,1.0,-0.0069817263,-1.0,8000,0.9153221,1600,1600.0,1600,5,0.0,-72.46208023691179,-102.28405065929437,-121.69417499846895,5,16.68331444690953,1.0,-0.026845135,-1.0,20000,0.8977744,1600,1456.3846153846155,489,13,343.92833297774706,193.00580564815027,5.498253177480085,-133.08858383525512,13,90.82095992443439,266.0,63.18389129638672,20000.0,7.0,405.59171509742737,140000.0,316.5363764346647,140000.0
-22.323309,2.6044853,21.819262,1.0,0.05348663,-1.0,2066,0.93003315,1171,413.2,74,5,394.9239926872005,37.55174014964723,-73.64097557488567,-123.48405898362398,5,58.689434679309166,1.0,0.13864148,-1.0,20000,0.8786747,1600,1023.6666666666666,111,21,610.031406945837,209.75182437934836,-102.95291317707448,-202.93770794809097,21,81.45673729760158,287.0,66.17140007019043,20000.0,8.0,471.8382430076599,160000.0,302.2453806143631,160000.0
-19.813097,2.4972708,19.42026,1.0,-0.012636581,-1.0,7723,0.8931255,1600,1544.6,1469,5,47.008935320851506,221.4956170710393,212.35723165781945,202.94622342664115,5,6.303254838056157,1.0,0.06703762,-1.0,20000,0.8863789,1600,676.0,67,29,501.07408771489105,182.65269113413478,-32.324069511528144,-140.15501999721164,29,81.61473929785632,316.0,70.64390516281128,20000.0,9.0,542.5591402053833,180000.0,283.1100567544573,180000.0
-17.677847,2.483691,17.304771,1.0,-0.04694211,-1.0,6766,0.8985037,1414,1353.2,1272,5,49.65239168459058,236.32055218983442,230.16653737363922,223.9744436564124,5,4.365018906642404,1.0,-0.013791809,-1.0,20000,0.87607616,1600,961.0,62,21,567.4735991341674,241.55883082941,83.12533200174428,-165.2203400103026,21,140.29330385264925,337.0,74.80629205703735,20000.0,10.0,617.4471580982208,200000.0,267.3571894828132,200000.0
-16.563265,2.1203847,16.218077,1.0,0.0364596,-1.0,7325,0.931907,1538,1465.0,1205,5,130.09996156801893,208.5693527093972,175.77228051282017,46.789675129781244,5,64.49309611152975,1.0,0.024709418,-1.0,20000,0.9011254,1600,1042.842105263158,60,19,546.8847914042336,244.80167191056535,125.85870194089621,-162.86415073022363,19,158.58098303176143,356.0,76.74958610534668,20000.0,11.0,694.2862520217896,220000.0,260.587724506396,220000.0
-18.771597,2.2751956,18.39727,1.0,-0.06687859,-1.0,329,0.9597037,67,65.8,65,5,0.7483314773547882,-117.11176975769922,-117.75862636175006,-119.47155154310167,5,0.875492452246965,1.0,-0.059882365,-1.0,20000,0.9039918,1600,809.64,125,25,518.6834009297,234.801033236472,25.85273952251562,-120.83497683719906,25,119.98631438622401,381.0,74.90919399261475,20000.0,12.0,769.3993439674377,240000.0,266.98992385329615,240000.0
-19.239893,2.2944896,18.897346,1.0,-0.09351244,-1.0,5186,0.9145176,1295,1037.2,79,5,479.25333592996515,236.7950990626996,167.72399749054165,-101.1747485861415,5,134.4549569354749,1.0,-0.043584876,-1.0,20000,0.8914629,1600,810.3333333333334,52,24,565.2398212754968,253.05968759109965,72.44803933053988,-121.48769548765267,24,146.6704929233232,405.0,84.90303993225098,20000.0,13.0,854.3842349052429,260000.0,235.56282573579404,260000.0
-19.925034,2.3816934,19.580042,1.0,0.017268203,-1.0,5254,0.90850407,1600,1050.8,490,5,432.4069379646908,214.5779635377403,76.62485536872991,-43.48702521668747,5,110.75942699561267,1.0,-0.032009907,-1.0,20000,0.86726385,1600,757.4814814814815,63,27,579.3017105785954,244.50175679207314,40.485850030936625,-112.60374617017806,27,138.62734735536952,432.0,86.66298627853394,20000.0,14.0,941.1408581733704,280000.0,230.7790310354666,280000.0
-20.200909,2.3989937,19.878609,1.0,0.0087724095,-1.0,8000,0.92943525,1600,1600.0,1600,5,0.0,181.55672935544135,172.06910401463247,156.89206459846173,5,9.067262310799368,1.0,-0.039744142,-1.0,20000,0.88747215,1374,742.1851851851852,63,27,412.178138137261,266.57836807181593,95.19449768884577,-108.77816613391042,27,143.23443686603406,459.0,70.16840076446533,20000.0,15.0,1011.4388899803162,300000.0,285.02858526210554,300000.0
-19.961046,2.4200716,19.644491,1.0,-0.035702273,-1.0,3837,0.89436275,1167,767.4,313,5,291.01381410510396,269.48219766118564,127.39838967406831,-23.854155739812995,5,116.33256348411221,1.0,-0.015613664,-1.0,20000,0.88145113,1600,648.7741935483871,78,31,420.28482735904305,266.85331466712523,45.834783439737414,-111.91676472057588,31,127.68580655264135,490.0,62.18676996231079,20000.0,16.0,1073.7090220451355,320000.0,321.6118156984403,320000.0
-21.033447,2.5279238,20.7024,1.0,0.020443905,-1.0,3684,0.9243414,1011,736.8,395,5,242.89042797113268,265.4306798647158,124.34734169617514,-11.0116471684305,5,117.60745726890309,1.0,0.0071016573,-1.0,20000,0.89461255,1118,531.8918918918919,75,37,311.0712774654521,269.96247077401495,45.69072038939905,-101.08606249652803,37,121.98532414709649,527.0,132.99137997627258,20000.0,17.0,1206.767529964447,340000.0,150.38568667810097,340000.0
-21.563015,2.6835563,21.252419,1.0,-0.12901019,-1.0,4976,0.937016,1052,995.2,932,5,43.95179177234985,263.4768118036445,233.32889135456645,134.47950180410407,5,49.538671941964594,1.0,-0.10401429,-1.0,20000,0.9029134,1600,689.9310344827586,44,29,515.7072098373651,254.74944744430832,40.60018077195842,-109.24947647750378,29,122.4881469785027,556.0,194.19542479515076,20000.0,18.0,1401.0785329341888,360000.0,102.98903808417333,360000.0
-20.739353,2.881371,20.46229,1.0,-0.0052693835,-1.0,1170,0.9681127,269,234.0,202,5,27.18087562975115,-41.51994886784814,-59.731199979009396,-75.20808578422293,5,13.26779337782738,1.0,-0.05541203,-1.0,20000,0.91364557,1335,473.25581395348837,55,43,357.38612387159833,256.9377625149282,6.719522478111071,-115.28220273635816,43,107.07431262698135,599.0,58.16676616668701,20000.0,19.0,1459.330572128296,380000.0,343.8389533756529,380000.0
-19.170254,2.9332259,18.893227,1.0,0.17607163,-1.0,7405,0.94160944,1600,1481.0,1357,5,77.82544571025598,221.6034325264336,202.21917657316953,167.35918929103354,5,18.351140074833964,1.0,0.038265053,-1.0,20000,0.91337466,1414,990.1578947368421,142,19,326.8438003176658,261.67831357056275,193.28646482300644,-88.21397341997363,19,112.36276084992646,618.0,140.99807596206665,20000.0,20.0,1600.4066469669342,400000.0,141.84590721210049,400000.0
-23.419514,3.5190198,23.053268,1.0,-0.05117704,-1.0,5209,0.957422,1161,1041.8,683,5,180.41441184118304,246.26823303836863,201.84602408842184,33.164145122107584,5,84.36095273305388,1.0,-0.006842592,-1.0,20000,0.92190194,1600,599.7941176470588,46,34,602.0017969199176,236.8038221304887,-61.720069548974664,-168.5422628116794,34,103.42136425014871,652.0,100.37603878974915,20000.0,21.0,1700.895026922226,420000.0,199.25073992900477,420000.0
-22.087923,3.2399745,21.791819,1.0,-0.13778737,-1.0,6666,0.9370804,1385,1333.2,1297,5,29.260211892602555,227.93137658643536,224.91018384764357,219.78411358864287,5,2.877347593375512,1.0,0.036361113,-1.0,20000,0.9314065,1600,856.5,87,24,638.7935895107277,254.34162477215432,-7.061840741922841,-152.28261308229412,24,143.8190589958342,676.0,93.94590187072754,20000.0,22.0,1794.9326348304749,440000.0,212.8884773230515,440000.0
-29.097372,3.9166079,28.640013,1.0,0.08744196,-1.0,8000,0.9432449,1600,1600.0,1600,5,0.0,-69.26271817833731,-93.56760118800933,-110.42911676987933,5,13.544993663219655,1.0,-0.30442205,-1.0,20000,0.87483704,1600,342.50847457627117,54,59,502.22563545804036,254.95306272106245,-112.70147161906164,-241.5297383616271,59,73.4573047302572,735.0,84.0540862083435,20000.0,23.0,1879.0728640556335,460000.0,237.94203116343832,460000.0
-25.907152,3.233437,25.594807,1.0,0.0059455982,-1.0,5204,0.9439613,1162,1040.8,870,5,94.63699065376075,255.0662203906104,220.079809680162,94.56069745053537,5,62.87409265803256,1.0,0.003017648,-1.0,20000,0.9214363,1600,1004.2105263157895,80,19,462.7004918436489,269.4065935794497,104.98609031645692,-173.03876683747467,19,159.4564114292908,754.0,120.58411383628845,20000.0,24.0,1999.7443687915802,480000.0,165.85932726721438,480000.0
-22.666504,3.2035913,22.380642,1.0,0.03593202,-1.0,1427,0.95691705,382,285.4,218,5,58.15015047272019,-26.050941050674737,-57.19615760052911,-74.22147549071815,5,17.074326849138743,1.0,-0.03129834,-1.0,20000,0.92179567,1432,559.4594594594595,128,37,335.4493230824361,274.10728019912494,61.49658825509726,-92.37644544872455,37,123.84458448391302,791.0,123.00004386901855,20000.0,25.0,2122.8467729091644,500000.0,162.60156802299835,500000.0
-21.494951,2.9897392,21.204556,1.0,0.3575986,-1.0,7280,0.911546,1600,1456.0,880,5,288.0,270.83027225965634,-66.79461767904868,-156.49151653025183,5,168.8362035791099,1.0,-0.041226167,-1.0,20000,0.9270986,979,682.4137931034483,109,29,284.9178365825028,275.9499680157751,136.6997331357571,-101.49066734936787,29,135.58210166341692,820.0,87.18339371681213,20000.0,26.0,2210.1302988529205,520000.0,229.40148516085205,520000.0
-21.267866,2.9237401,20.986053,1.0,-0.04753644,-1.0,3768,0.9638365,841,753.6,441,5,156.47568501208102,276.16297338483855,225.5436207544757,26.79546044394374,5,99.37757836968537,1.0,-0.0039436906,-1.0,20000,0.9298692,1600,643.0322580645161,71,31,342.2874177920832,277.8204619732569,82.3031405644527,-127.82333233952522,31,141.1124900824159,851.0,83.24301409721375,20000.0,27.0,2293.4583480358124,540000.0,240.26040163134155,540000.0
-21.88632,3.066451,21.60188,1.0,-0.17496702,-1.0,5278,0.9379896,1061,1055.6,1048,5,4.841487374764082,252.24687550682575,251.10703916729435,250.32838367903605,5,0.6619674619313659,1.0,-0.012799082,-1.0,20000,0.9338815,1600,931.9090909090909,104,22,349.0324169746609,273.44628665340133,176.01850065311157,-103.72004890977405,22,136.0486414422671,873.0,84.67808890342712,20000.0,28.0,2378.217868089676,560000.0,236.1886086353391,560000.0
-21.124329,2.985191,20.867813,1.0,-0.048665196,-1.0,4822,0.9659189,973,964.4,952,5,7.002856560004639,261.8413865342736,260.43016436565665,259.20073214685544,5,0.8732155624569752,1.0,-0.07678327,-1.0,20000,0.9262282,1164,651.8666666666667,70,30,318.92357844613633,277.25124411901925,103.80562826809837,-104.71975213382393,30,131.8853192843632,903.0,105.27654576301575,20000.0,29.0,2483.5752589702606,580000.0,189.97583797079818,580000.0
-20.607094,2.9781184,20.35394,1.0,-0.04007514,-1.0,3956,0.95895946,1076,791.2,68,5,370.6310294619165,258.9896130375564,149.58710101169999,-114.18475688993931,5,145.67502794812512,1.0,-0.035209384,-1.0,20000,0.93195593,978,753.8518518518518,81,27,277.1423893561794,277.7982608152088,192.55205047961965,-101.58948737417813,27,129.97800644079769,930.0,98.9489860534668,20000.0,30.0,2582.6329979896545,600000.0,202.1243551620939,600000.0
-21.948427,3.0492563,21.6453,1.0,-0.0067472323,-1.0,8000,0.9726592,1600,1600.0,1600,5,0.0,139.3292893556536,132.25491050160707,117.96636832563672,5,7.444321652466128,1.0,-0.009628958,-1.0,20000,0.9376538,1600,434.20454545454544,66,44,430.5222821572471,273.06262401491404,15.279167676135588,-116.18349638860673,44,150.63514794605484,974.0,180.5087378025055,20000.0,31.0,2763.2260098457336,620000.0,110.79796049475449,620000.0
-23.631208,3.180174,23.371305,1.0,-0.07049455,-1.0,3466,0.9575249,847,693.2,114,5,289.6642193989448,275.99509142618626,203.24256997825577,-82.54581386223435,5,142.89639267591494,1.0,-0.0468775,-1.0,20000,0.93135023,1600,594.1428571428571,80,35,434.79257076430906,278.8549097427167,55.12002773939029,-118.53387093311176,35,125.1436567157145,1009.0,115.59846186637878,20000.0,32.0,2878.945426940918,640000.0,173.01268266975876,640000.0
-22.5187,3.1305532,22.260078,1.0,-0.11963275,-1.0,4303,0.9660257,876,860.6,845,5,11.253443917308159,272.7575246303677,269.81329480167915,267.5241450385074,5,1.7486485434579546,1.0,-0.06821554,-1.0,20000,0.9359545,1600,735.2222222222222,57,27,513.7482690487797,279.5509455129504,85.8810106472076,-110.97619292406307,27,147.23842685272754,1036.0,60.4229691028595,20000.0,33.0,2939.4622111320496,660000.0,330.9999541060869,660000.0
-22.43639,3.1554883,22.177286,1.0,-0.14606687,-1.0,4516,0.9407332,927,903.2,874,5,19.73220717507294,271.6015740799485,268.98663071943446,266.89963781053666,5,1.7303133511136932,1.0,-0.07385256,-1.0,20000,0.93283993,1017,704.5172413793103,76,29,297.02091191787815,277.2175888894126,161.0903394815985,-95.84278355166316,29,138.1065622521957,1065.0,48.663268089294434,20000.0,34.0,2988.18904709816,680000.0,410.9876049282406,680000.0
-22.358398,2.939094,22.104277,1.0,-0.11167307,-1.0,4041,0.9649936,820,808.2,803,5,6.615134163416491,277.4887157990597,276.898882780422,275.2654741425067,5,0.8486523980380084,1.0,-0.058126915,-1.0,20000,0.9317363,934,494.875,62,40,311.3193045331433,276.6573817031458,68.02339962973892,-103.21849674452096,40,145.4358952206213,1105.0,48.246742963790894,20000.0,35.0,3036.5212647914886,700000.0,414.5357545691731,700000.0
-22.839882,2.9926288,22.575623,1.0,-0.19195276,-1.0,5335,0.9515918,1155,1067.0,780,5,143.78734297565973,241.11678280375781,144.6903269974282,31.775698013836518,5,83.64896216467186,1.0,-0.09260419,-1.0,20000,0.9304196,955,587.9411764705883,80,34,291.9947563163814,279.92878432385623,115.43740134128508,-104.79147808998823,34,144.98463748177366,1139.0,52.97349786758423,20000.0,36.0,3089.554929971695,720000.0,377.54727939607113,720000.0
-23.141119,3.111949,22.891033,1.0,-0.05861017,-1.0,4486,0.9577393,910,897.2,886,5,8.885943956609225,269.7662703107344,268.9219853616167,267.91671000168935,5,0.7262241296356041,1.0,-0.070351444,-1.0,20000,0.9316426,1080,611.59375,103,32,283.68103340008037,279.0693359449506,122.38486389872833,-88.08151895808987,32,135.3237072190164,1171.0,63.34745383262634,20000.0,37.0,3152.971706867218,740000.0,315.71908245662183,740000.0
-22.64271,3.0873284,22.39467,1.0,-0.04512885,-1.0,4188,0.95792025,845,837.6,830,5,5.6780278266313555,276.1567526345607,275.489727691561,275.0214738016948,5,0.44100309466687904,1.0,-0.0498805,-1.0,20000,0.92977935,939,749.2222222222222,216,27,202.06953942994994,281.44397272134665,196.63320509303514,-50.935576654970646,27,113.0074807569459,1198.0,53.907856941223145,20000.0,38.0,3206.9433789253235,760000.0,371.0034331694249,760000.0
-22.785254,3.1919987,22.53409,1.0,-0.047708582,-1.0,4336,0.9648925,883,867.2,855,5,11.142710621747295,272.5481534684077,271.1144652079791,269.4450892084278,5,1.332388378557663,1.0,-0.05876868,-1.0,20000,0.9276792,902,654.1,99,30,275.2337612527456,281.03411284834146,160.33217990762822,-105.2154519673204,30,149.05026473371376,1228.0,67.93285989761353,20000.0,39.0,3274.9469709396362,780000.0,294.4083324350459,780000.0
-23.412607,3.048271,23.169945,1.0,-0.09137277,-1.0,3915,0.96478784,852,783.0,545,5,119.16375287812986,275.1418325911509,229.7609332852764,56.29058769647963,5,86.74521073656807,1.0,-0.05836654,-1.0,20000,0.9306104,919,671.8666666666667,91,30,278.081370984985,278.92954995599575,164.068523686256,-94.0041337327566,30,141.13029891679872,1258.0,56.75272607803345,20000.0,40.0,3331.764765024185,800000.0,352.40597909782423,800000.0
-24.758078,3.508271,24.405266,1.0,-0.31637353,-1.0,1106,0.9291577,283,221.2,127,5,63.46778710495585,-92.93344351788983,-106.19724359195679,-123.63597512152046,5,11.475101411123099,1.0,-0.1078281,-1.0,20000,0.933386,1600,499.9512195121951,59,41,383.6812034921009,279.52360058017075,37.94082627928747,-231.78627817433153,41,154.9214100932406,1299.0,54.13624668121338,20000.0,41.0,3385.9637808799744,820000.0,369.43824565031207,820000.0
-40.35328,5.332069,39.82115,1.0,0.53600955,-1.0,8000,0.82709455,1600,1600.0,1600,5,0.0,-120.68256146425847,-162.73224873777582,-186.76585030625574,5,24.25597931756049,1.0,-0.15204073,-1.0,20000,0.92955905,1600,669.2666666666667,88,30,515.357800195381,-15.995888351892063,-164.0485695392125,-274.93086115169353,30,55.12284491012486,1329.0,59.72372794151306,20000.0,42.0,3445.756457090378,840000.0,334.8752780400083,840000.0
-36.20059,4.726097,35.88844,1.0,0.08637844,-1.0,5072,0.96625364,1600,1014.4,238,5,608.958652126727,220.37168592316448,18.575899635419592,-148.3747844270265,5,156.49569255390972,1.0,-0.0047254465,-1.0,20000,0.9385272,1600,1162.5882352941176,82,17,452.03826735765335,243.6993080728862,37.546506306636736,-219.3503288146312,17,154.23435276380985,1346.0,59.06982398033142,20000.0,43.0,3504.90709400177,860000.0,338.5823530921547,860000.0
-28.122131,4.1149273,27.881834,1.0,-0.10439715,-1.0,4176,0.9561085,911,835.2,622,5,107.28914204149457,270.890907472698,232.95847895966727,87.0061182975769,5,72.9944422141735,1.0,-0.026016379,-1.0,20000,0.9234829,1385,857.3478260869565,147,23,340.5094148855636,279.6926241584588,183.320451264943,-79.7108249355224,23,121.79366412691625,1369.0,64.0309808254242,20000.0,44.0,3569.0032608509064,880000.0,312.34879963073723,880000.0
-25.080263,3.4668648,24.830114,1.0,-0.09987548,-1.0,2826,0.97025067,872,565.2,311,5,255.6711950924468,269.8033462566091,106.94179259368684,-19.349880270194262,5,133.71963696129083,1.0,-0.08136981,-1.0,20000,0.9252667,962,637.5625,69,32,269.43261419833715,279.3409949815832,129.1858287662924,-104.06845932640135,32,133.2825057978847,1401.0,60.57684683799744,20000.0,45.0,3629.6785759925842,900000.0,330.15914567964603,900000.0
-24.772701,3.5329614,24.526121,1.0,-0.11266633,-1.0,4367,0.96372205,1073,873.4,743,5,122.58319623830992,267.7701454900671,188.1582694405209,62.34165542857227,5,88.63828425971762,1.0,-0.06957288,-1.0,20000,0.93221736,1500,682.8620689655172,200,29,330.8351734769332,266.07156657532323,106.79759789271608,-85.11503611132503,29,117.42295723845008,1430.0,55.58157920837402,20000.0,46.0,3685.342684030533,920000.0,359.8314456849179,920000.0
-23.616741,3.3803546,23.396627,1.0,-0.05621483,-1.0,3378,0.9499811,864,675.6,102,5,292.806147476449,275.09552308684215,171.2262442172505,-90.34195869183168,5,143.3379740392701,1.0,-0.065381914,-1.0,20000,0.9249044,999,610.25,118,32,283.3108937192497,280.8476507887244,105.30131659371705,-83.98356469185092,32,131.09207518783762,1462.0,52.05853009223938,20000.0,47.0,3737.469176054001,940000.0,384.18295646387253,940000.0
-23.525394,3.4457016,23.29127,1.0,-0.027644379,-1.0,4314,0.96868855,1535,862.8,404,5,417.63974906610605,258.2960809073411,111.26756095365272,-23.677718434133567,5,115.13099106690592,1.0,-0.031114196,-1.0,20000,0.9229807,1036,543.8918918918919,85,37,324.5564777223771,279.5282709542662,90.47765311795189,-102.01072934363037,37,152.79310954800218,1499.0,55.90210008621216,20000.0,48.0,3793.4467861652374,960000.0,357.7683122665521,960000.0
-23.17555,3.4031165,22.951044,1.0,-0.04243692,-1.0,2761,0.9434987,1055,552.2,180,5,391.1487696516506,259.78418078570394,70.95775023878086,-67.96522910567,5,153.4257242222735,1.0,-0.013125604,-1.0,20000,0.9196208,1036,619.7272727272727,107,33,325.6158987190622,277.1116778552532,104.45301790953222,-92.71510648238473,33,153.8940319210595,1532.0,49.12817406654358,20000.0,49.0,3842.6372249126434,980000.0,407.098378476477,980000.0
-23.565325,3.6834023,23.328688,1.0,0.017838335,-1.0,4295,0.9479258,879,859.0,832,5,16.69730517179344,277.80545508116484,274.48739971946924,272.58597576990724,5,1.8667617040066475,1.0,0.004306695,-1.0,20000,0.9189315,967,689.5862068965517,99,29,262.2688167196844,280.7989272600971,157.51410209241394,-88.32117614382878,29,138.05552390354035,1561.0,53.514200925827026,20000.0,50.0,3896.2108569145203,1000000.0,373.7325729243506,1000000.0
-24.06277,3.5952137,23.826077,1.0,0.019517707,-1.0,4504,0.94707805,926,900.8,886,5,14.62053350599765,271.83997338288464,270.10432200077014,267.12444718299776,5,1.8429207602429962,1.0,0.0054729586,-1.0,20000,0.9188815,924,612.0,66,33,298.14954555583597,278.52608539396897,130.7202562520397,-104.89467017771676,33,151.51571600682772,1594.0,52.03576588630676,20000.0,51.0,3948.308779001236,1020000.0,384.3510258635976,1020000.0
-24.507032,3.6884875,24.288136,1.0,-0.03977968,-1.0,1801,0.9639153,771,360.2,163,5,221.8516621528899,101.77480578271206,-17.31920821472304,-80.79184886626899,5,65.65548630166252,1.0,-0.0096636815,-1.0,20000,0.9267475,974,812.5833333333334,273,24,167.15110844848007,279.62457392329816,225.46145922041418,-41.70735672698356,24,98.93435014599146,1618.0,56.91540598869324,20000.0,52.0,4005.2908170223236,1040000.0,351.3987057207882,1040000.0
-24.547682,3.2613,24.33499,1.0,-0.057894893,-1.0,4196,0.9584162,851,839.2,825,5,8.863407922464136,276.5134409634629,275.11533996073996,273.51817913446575,5,1.152678048859239,1.0,-0.028007302,-1.0,20000,0.9206266,984,769.0,115,26,207.1680848601333,281.29101203300525,211.2248885351353,-91.68822063878179,26,113.68837892463662,1644.0,51.68883490562439,20000.0,53.0,4057.04430603981,1060000.0,386.93075664245146,1060000.0
-24.701647,3.0009089,24.504913,1.0,-0.06306691,-1.0,3407,0.9658719,882,681.4,352,5,232.69860334776396,273.41295237164013,163.70760125475937,-6.294258877635002,5,131.0006879426774,1.0,-0.035047602,-1.0,20000,0.9277519,964,576.7428571428571,71,35,283.71991650289226,282.4679013590794,113.36936491532906,-112.81871815538034,35,142.64796188725427,1679.0,50.329434871673584,20000.0,54.0,4107.434746980667,1080000.0,397.38177174042545,1080000.0
-24.97218,3.3246093,24.768864,1.0,-0.022810318,-1.0,4185,0.94033563,846,837.0,829,5,5.830951894845301,278.6102383171674,277.76969118956475,277.0080934704747,5,0.7004832447676668,1.0,-0.048874065,-1.0,20000,0.92613393,906,724.7142857142857,115,28,238.12014631616674,282.2431644843891,199.25127115993817,-86.90653925877996,28,125.03525399151773,1707.0,57.977078676223755,20000.0,55.0,4165.472474813461,1100000.0,344.96391430294585,1100000.0
-25.62783,3.4135706,25.425554,1.0,-0.047555875,-1.0,3647,0.9446208,867,729.4,219,5,255.32301110554062,276.0400280330796,208.74797474236402,-55.537761114144814,5,132.14480549131966,1.0,-0.029773792,-1.0,20000,0.9162008,896,800.6666666666666,249,24,153.376352660883,283.83333806786686,245.4820401913597,-53.176958076277515,24,88.29436525723108,1731.0,51.116676807403564,20000.0,56.0,4216.65309381485,1120000.0,391.2617417473287,1120000.0
-25.98686,3.3548968,25.786968,1.0,-0.027030533,-1.0,3611,0.96202016,870,722.2,487,5,137.9817379220888,274.48867869340756,157.59434157365177,37.221646945457906,5,97.48800618662274,1.0,-0.050305232,-1.0,20000,0.9223248,972,747.6666666666666,86,27,271.1082877812918,280.74801261168614,192.87944019386217,-102.16388736467343,27,136.84617593601925,1758.0,49.32618808746338,20000.0,57.0,4266.039836883545,1140000.0,405.4641312346443,1140000.0
-26.63386,3.4646888,26.427898,1.0,-0.050922412,-1.0,4305,0.9598657,881,861.0,809,5,26.660832695172893,271.4268834355753,244.8805394665804,144.56614519748837,5,50.19135326023935,1.0,-0.017730497,-1.0,20000,0.93143594,1600,1136.5,267,18,404.01901082883603,273.0653391275555,154.1130233711477,-58.94123804613628,18,115.9581579779371,1776.0,50.345179080963135,20000.0,58.0,4316.4453999996185,1160000.0,397.2575004219726,1160000.0
-26.05337,3.3985476,25.874632,1.0,-0.058322854,-1.0,4151,0.9452133,844,830.2,816,5,10.628264204469138,279.21985056996346,277.4672140656039,275.8092186865397,5,1.1181041847656878,1.0,-0.012657227,-1.0,20000,0.9166966,967,856.9565217391304,211,23,151.109945076243,279.8623033259064,250.7074402281274,-58.33479231444653,23,76.35653032769463,1799.0,58.29087996482849,20000.0,59.0,4374.798811912537,1180000.0,343.1068464237902,1180000.0
-25.849855,3.3115032,25.665895,1.0,-0.039454095,-1.0,4358,0.9522516,890,871.6,859,5,11.16422858956229,274.1569568759296,272.61504499115983,270.354421406053,5,1.3208875919027543,1.0,-0.045623854,-1.0,20000,0.917671,1025,825.5,78,24,199.46470030225063,283.6875716848299,237.69614298575652,-102.6360921766609,24,99.19874453655213,1823.0,53.57993412017822,20000.0,60.0,4428.447842121124,1200000.0,373.274068518647,1200000.0
-26.498432,3.3134422,26.313837,1.0,0.0021901175,-1.0,5175,0.9460887,1058,1035.0,984,5,27.914154115788644,258.38748827320524,231.61586158164428,137.63124692521524,5,47.02578437197333,1.0,-0.031141201,-1.0,20000,0.91384876,985,738.1851851851852,304,27,216.76528303367542,280.8430089354515,192.67757487902472,-24.41308870445937,27,121.69176545066661,1850.0,49.688753843307495,20000.0,61.0,4478.201243877411,1220000.0,402.50556621060787,1220000.0
-26.726913,3.243518,26.545279,1.0,-0.18158609,-1.0,8000,0.9375018,1600,1600.0,1600,5,0.0,167.67751080582093,138.60336502211558,109.15438880619331,5,24.09560250053839,1.0,-0.0817908,-1.0,20000,0.918432,1600,1164.235294117647,908,17,224.15869625617123,274.9041145895608,232.19204204554407,61.34187357654537,17,57.123425233063394,1867.0,51.82081890106201,20000.0,62.0,4530.087791919708,1240000.0,385.9452711116868,1240000.0
-27.501326,3.3342137,27.31305,1.0,0.020568095,-1.0,4451,0.91522884,904,890.2,878,5,8.4,277.10653917491436,275.72344317947284,273.8140357370139,5,1.0894404984048103,1.0,-0.030547177,-1.0,20000,0.9021966,1269,951.8636363636364,818,22,97.35095622378832,282.70354204485193,270.02905666657676,235.39923253027519,22,10.630372258214276,1889.0,47.87648820877075,20000.0,63.0,4578.029400110245,1260000.0,417.7415835678627,1260000.0
-27.249084,3.2759647,27.073013,1.0,-0.0015078855,-1.0,4353,0.9242498,1001,870.6,429,5,221.4620509252093,267.19296450936235,211.2797929334105,-3.872636115702335,5,107.59070315722141,1.0,-0.025533402,-1.0,20000,0.89618874,983,741.2962962962963,195,27,221.9932956636662,285.4302496530581,183.34584928792793,-68.85601514624432,27,123.17628455663748,1916.0,49.43075489997864,20000.0,64.0,4627.5211789608,1280000.0,404.6064042612597,1280000.0
-27.27965,3.3327844,27.099218,1.0,-0.18419732,-1.0,8000,0.94794285,1600,1600.0,1600,5,0.0,106.83625088049644,57.97991940720526,20.101866877081193,5,28.860283317191893,1.0,-0.040310625,-1.0,20000,0.9100235,1035,750.36,140,25,251.01727111894115,280.4374023079872,169.0682811105458,-97.8868649728829,25,126.07586347192542,1941.0,51.908793210983276,20000.0,65.0,4679.493719100952,1300000.0,385.2911763660158,1300000.0
-27.68944,3.415668,27.509508,1.0,0.02969563,-1.0,3415,0.9274851,940,683.0,273,5,273.82987419198804,269.77824987104395,133.30102238835534,-27.8193704392761,5,123.45909795817354,1.0,-0.029875642,-1.0,20000,0.8949057,1600,807.8076923076923,143,26,297.34272109298763,283.7807828838122,212.84786622219187,-93.10426720441319,26,122.98498641877619,1967.0,49.852510929107666,20000.0,66.0,4729.414675951004,1320000.0,401.18340334834545,1320000.0
-28.211544,3.3336792,28.02904,1.0,-0.081784874,-1.0,2973,0.9333205,903,594.6,127,5,369.69100611186093,274.11372930463403,106.08930417278316,-85.76656237384304,5,161.7527957348558,1.0,-0.02492974,-1.0,20000,0.8966882,991,732.7407407407408,159,27,271.18472487745083,283.92681991599966,192.46403412898695,-74.43291733041406,27,136.57464643600056,1994.0,49.918277978897095,20000.0,67.0,4779.414494037628,1340000.0,400.6548464763745,1340000.0
-28.63531,3.5083423,28.449821,1.0,0.008626081,-1.0,3823,0.89608,859,764.6,513,5,126.8583461976389,286.0534112150781,241.37723321746162,69.6799190316815,5,85.86788984765309,1.0,-0.013193738,-1.0,20000,0.88827085,1133,737.925925925926,160,27,250.90472235136735,285.0554789467715,189.04113069940811,-70.03089116886258,27,125.6101040991719,2021.0,47.74891495704651,20000.0,68.0,4827.223206996918,1360000.0,418.85768541528955,1360000.0
-29.255287,3.4463954,29.073616,1.0,-0.039487917,-1.0,4419,0.9273212,904,883.8,856,5,16.05490579231158,276.5868425203953,273.9094538173871,271.34560122014955,5,1.7011578582094713,1.0,-0.015215567,-1.0,20000,0.8862843,914,633.1612903225806,126,31,265.1481748581218,287.18166544043925,144.2845871690959,-83.33200540486723,31,139.16452542000124,2052.0,48.67695212364197,20000.0,69.0,4875.972337961197,1380000.0,410.872068349698,1380000.0
-29.099585,3.2811742,28.924961,1.0,-0.025545314,-1.0,2697,0.90039283,822,539.4,181,5,212.4679740572682,164.8728576800786,65.00805298816412,-59.17609230009839,5,75.22287179115703,1.0,-0.033469863,-1.0,20000,0.88827115,1022,589.0285714285715,62,35,260.9887228778051,287.15011106058955,119.9854044697472,-98.51178236771375,35,134.67517700820406,2087.0,52.17851710319519,20000.0,70.0,4928.212802171707,1400000.0,383.29950926825563,1400000.0
-29.560543,3.5857587,29.379309,1.0,0.03505039,-1.0,4775,0.9094223,1004,955.0,907,5,33.555923471125034,275.2083645958919,269.2356831242563,263.5920006512897,5,4.115803454746236,1.0,-0.030864643,-1.0,20000,0.88525426,963,482.4761904761905,93,42,303.79035989715,286.7505333824083,61.24002862375987,-108.01686385634821,42,138.23131802614208,2129.0,47.84298586845398,20000.0,71.0,4976.118551969528,1420000.0,418.03410963920027,1420000.0
-30.564213,3.8802915,30.319483,1.0,0.15230298,-1.0,7575,0.8503214,1529,1515.0,1494,5,12.37739875741264,228.88823342170508,224.94115600740815,222.2931066594815,5,2.2241594493613297,1.0,-0.06306779,-1.0,20000,0.91958857,1600,558.4857142857143,114,35,528.2324364697566,284.1120041012764,-61.00941568683216,-182.2557156974799,35,126.24766252619116,2164.0,48.27684283256531,20000.0,72.0,5024.45969581604,1440000.0,414.2772979037671,1440000.0
-34.286114,4.522968,34.0388,1.0,-0.14245203,-1.0,6635,0.88836795,1400,1327.0,1222,5,69.55285759765734,245.626357926114,235.9153318748926,229.87648221353447,5,6.361476383875028,1.0,-0.013099085,-1.0,20000,0.8748778,1585,925.1363636363636,159,22,437.82191226514016,277.9085043701343,162.0907488970588,-100.74373491236474,22,130.24940781773705,2186.0,54.48398995399475,20000.0,73.0,5079.016962051392,1460000.0,367.0803114252025,1460000.0
-33.125454,3.9736886,32.9302,1.0,-0.027031,-1.0,6086,0.94948494,1241,1217.2,1185,5,19.599999999999998,240.80876766436268,236.55675676632328,233.49596383224707,5,2.5719025453817967,1.0,-0.029181033,-1.0,20000,0.9045646,1558,974.85,84,20,494.10507738739136,281.76847293414176,139.09332007796246,-113.84826205484569,20,140.2072464057823,2206.0,51.56724810600281,20000.0,74.0,5130.658581018448,1480000.0,387.8430735510172,1480000.0
-30.500875,3.8218043,30.314133,1.0,0.019279597,-1.0,4460,0.9264704,900,892.0,887,5,4.69041575982343,275.2521412484348,273.9315163937863,272.1553052458912,5,1.1325517652790553,1.0,-0.033948287,-1.0,20000,0.9092005,1394,903.6818181818181,76,22,347.70407825197833,279.1031810620043,172.90001031439226,-95.72950688749552,22,127.87707697738063,2228.0,50.673476219177246,20000.0,75.0,5181.405464172363,1500000.0,394.68379697288367,1500000.0
-29.342155,3.58772,29.159473,1.0,0.022115042,-1.0,1237,0.94982785,469,247.4,127,5,124.89771815369566,33.936401293147355,-44.642645576089855,-84.83743391337339,5,44.25223969837744,1.0,-0.031285606,-1.0,20000,0.904134,1034,646.625,76,32,321.75774563326365,283.4392316825688,142.96036937679128,-100.88017588458024,32,154.37933267905896,2260.0,54.2892861366272,20000.0,76.0,5235.767332077026,1520000.0,368.3968131330181,1520000.0
-29.418003,3.7413561,29.22229,1.0,-0.078912936,-1.0,4476,0.95798326,919,895.2,882,5,14.190137420053407,271.86509333900176,268.540510664758,264.5897812494077,5,2.68422452169298,1.0,-0.03895966,-1.0,20000,0.91289747,1184,961.05,778,20,93.66988576912004,277.3203712790273,252.5112114868758,120.62683076254325,20,40.611033443909484,2280.0,52.08112716674805,20000.0,77.0,5287.916707038879,1540000.0,384.016266314015,1540000.0
-30.305944,3.8802063,30.08499,1.0,-0.008482845,-1.0,4657,0.95761544,1069,931.4,567,5,184.26784852491224,258.0880642759148,188.94989447691478,43.858906709589064,5,85.40218825569443,1.0,-0.041413717,-1.0,20000,0.9233203,1600,869.125,99,24,350.6957741998992,276.22785995714366,192.23338790933016,-94.4934384347871,24,117.44762212233837,2304.0,52.086419105529785,20000.0,78.0,5340.094274997711,1560000.0,383.97725056658174,1560000.0
-30.702606,3.9143536,30.496279,1.0,0.009785036,-1.0,5190,0.96433103,1051,1038.0,1021,5,10.13903348450926,254.93123033526354,253.2421442258288,251.90345926524606,5,1.0586884670003263,1.0,-0.025405094,-1.0,20000,0.92134875,1081,663.7241379310345,70,29,326.87252567025257,282.60380524094217,139.35308132378222,-137.102434463799,29,161.98406067192374,2333.0,48.489500761032104,20000.0,79.0,5388.659390926361,1580000.0,412.4604231040612,1580000.0
-30.279465,4.0499406,30.056969,1.0,-0.43251106,-1.0,328,0.9004536,66,65.6,65,5,0.4898979485566356,-122.8249132335186,-123.04762743413448,-123.23680777847767,5,0.1532209587584877,1.0,-0.044525128,-1.0,20000,0.92506063,1042,618.969696969697,36,33,285.076649432084,277.3939006058499,105.30651569755146,-111.27568776905537,33,130.07655687421342,2366.0,46.91775298118591,20000.0,80.0,5435.640022039413,1600000.0,426.27787413476574,1600000.0
-30.15437,3.822661,29.93995,1.0,-0.030349046,-1.0,4469,0.95833546,904,893.8,874,5,10.665833300778706,271.51965950243175,269.20658786885906,267.7865662770346,5,1.2728179736048437,1.0,-0.040993534,-1.0,20000,0.9337858,1110,789.6,91,25,306.1096535557152,274.9573318385519,186.9625519418725,-99.85482971742749,25,133.04088654242202,2391.0,47.74493908882141,20000.0,81.0,5483.45090508461,1620000.0,418.8925649856495,1620000.0
-29.94736,3.8026915,29.746254,1.0,-0.15562806,-1.0,8000,0.9549727,1600,1600.0,1600,5,0.0,74.51884567108937,66.81375653497852,60.747800720258965,5,5.1600012679472185,1.0,-0.034164876,-1.0,20000,0.92475295,1600,851.6666666666666,274,24,330.76926331743033,278.8865502704866,171.2698247745159,-48.220154638402164,24,118.32133527732783,2415.0,48.605966091156006,20000.0,82.0,5532.11812710762,1640000.0,411.47212180685483,1640000.0
-29.794193,3.7409472,29.594252,1.0,-0.04734385,-1.0,4253,0.9561033,864,850.6,845,5,7.002856560004639,275.3926186102908,274.4483236109052,273.4057136582269,5,0.790242082729982,1.0,-0.080237955,-1.0,20000,0.9249688,1600,996.9,88,20,411.50515185110385,274.2321097725071,171.63941956572253,-109.34815503191203,20,112.73758831854485,2435.0,47.79035806655884,20000.0,83.0,5579.973015069962,1660000.0,418.49445806925104,1660000.0
-29.249722,3.766843,29.052538,1.0,-0.030722566,-1.0,4022,0.9192182,821,804.4,793,5,9.971960689854328,285.0617974415218,283.52030932363414,281.9063718197867,5,1.062004094901776,1.0,0.02880793,-1.0,20000,0.9211233,1167,306.87692307692305,38,65,382.0091222306813,281.34325186535716,0.34405655298956284,-116.82614122331142,65,171.75641800866558,2500.0,47.7157781124115,20000.0,84.0,5627.750712156296,1680000.0,419.14856659956126,1680000.0
-29.558887,3.697185,29.361727,1.0,-0.040316854,-1.0,3094,0.9387975,791,618.8,519,5,106.04602774267408,124.00543682812713,69.08588162001652,30.899943814989456,5,39.42354552730892,1.0,-0.05719624,-1.0,20000,0.91369635,919,717.2592592592592,190,27,217.7321821757336,283.2552608027472,182.83078568672215,-77.41427246201783,27,128.67780328841894,2527.0,47.669806241989136,20000.0,85.0,5675.480825185776,1700000.0,419.55278564533666,1700000.0
-30.542572,3.9669328,30.32527,1.0,-0.0809477,-1.0,2960,0.9660227,997,592.0,457,5,207.8095281742394,256.72938605374657,58.274803997727574,-9.708555347577203,5,100.03096930008218,1.0,-0.050415494,-1.0,20000,0.92994946,1600,687.0333333333333,57,30,354.7572393748842,279.8051809782628,137.94391001073575,-108.3879374274984,30,145.46038464295518,2557.0,47.18412709236145,20000.0,86.0,5722.725487947464,1720000.0,423.87135743447425,1720000.0
-32.764217,4.785818,32.493095,1.0,-0.055772074,-1.0,1567,0.9654399,809,313.4,120,5,254.79293553785985,279.16196037316695,5.180214884784073,-85.64831471070647,5,138.3206162763639,1.0,-0.03876318,-1.0,20000,0.94850075,1600,237.12048192771084,44,83,413.4749419889672,275.6540611383971,-88.67116428139613,-173.9945370182395,83,91.29180997883148,2640.0,49.600749015808105,20000.0,87.0,5772.384654045105,1740000.0,403.2197173801924,1740000.0
-32.341347,4.7136717,32.091908,1.0,0.060218405,-1.0,5256,0.9455191,1110,1051.2,1015,5,35.58314207598874,257.81204006413464,254.02646295298183,247.44923141802428,5,3.9647197696310994,1.0,0.009070999,-1.0,20000,0.9342909,1600,631.40625,67,32,443.820970337069,280.8331323279999,54.91046379709444,-142.64698149077594,32,159.48039498431396,2672.0,51.26755213737488,20000.0,88.0,5823.736663103104,1760000.0,390.11029717995206,1760000.0
-30.250488,4.2210736,30.016058,1.0,-0.10480229,-1.0,5375,0.9590873,1436,1075.0,589,5,322.72588988180047,228.19179058101145,143.6283451692405,-5.055867885006592,5,97.21657836837882,1.0,-0.04743079,-1.0,20000,0.9246712,1600,766.0769230769231,138,26,345.67714183979905,282.16125457704766,134.04204124634836,-97.7598015780095,26,125.60184442736464,2698.0,51.6988730430603,20000.0,89.0,5875.504238128662,1780000.0,386.8556280393555,1780000.0
-31.157068,4.346003,30.894178,1.0,0.010683289,-1.0,4929,0.96353775,1350,985.8,617,5,298.44490278776755,243.8244891751092,137.32993139669253,-15.459725728578633,5,118.24720755171619,1.0,-0.01682301,-1.0,20000,0.9288175,1378,847.304347826087,236,23,338.3282988565742,273.7899156330386,150.73878300951827,-69.88516397721833,23,135.8940552338088,2721.0,54.42925786972046,20000.0,90.0,5930.0181889534,1800000.0,367.44943405017835,1800000.0
-30.351515,4.2225366,30.125998,1.0,-0.0855831,-1.0,4402,0.9645479,1086,880.4,499,5,221.6200351953767,256.2494487959484,172.609543481929,16.69007086532656,5,99.91950287266783,1.0,-0.017432807,-1.0,20000,0.92883027,1186,700.9655172413793,51,29,404.5717602054881,275.4462073968025,111.37526212326388,-134.44077517371625,29,157.78424080924495,2750.0,50.32328820228577,20000.0,91.0,5980.413248062134,1820000.0,397.43030939483737,1820000.0
-29.919321,3.657327,29.717909,1.0,-0.05159236,-1.0,3729,0.9398663,893,745.8,250,5,248.60201125493737,273.9244274382945,181.62631505555473,-49.56186029314995,5,126.68890472548615,1.0,-0.06344438,-1.0,20000,0.9171826,1121,781.8076923076923,78,26,268.1553825146861,282.5116371354088,174.7353556760981,-120.42512735724449,26,128.98723119506442,2776.0,50.05248808860779,20000.0,92.0,6030.527979135513,1840000.0,399.58053562879934,1840000.0
-29.9633,3.55445,29.76024,1.0,-0.029455377,-1.0,4138,0.94852096,1044,827.6,349,5,245.59934853333795,272.8385181541089,205.9441702254,-31.69232903496595,5,118.98154842089266,1.0,-0.005558492,-1.0,20000,0.91010714,1030,759.0384615384615,164,26,277.86403437226835,283.5277114242781,180.23591407226155,-79.98945771926083,26,133.4284494011888,2802.0,54.276817083358765,20000.0,93.0,6084.871649026871,1860000.0,368.48144520493605,1860000.0
-29.97406,3.597133,29.782188,1.0,-0.038384955,-1.0,4088,0.9256054,835,817.6,785,5,18.83188785013335,284.5973631795496,280.9779224339407,278.27784543973394,5,2.3583815654593687,1.0,0.011569212,-1.0,20000,0.90184456,1031,821.16,450,25,140.1184299084171,287.6450101721566,226.93521147834406,23.31430032069329,25,91.05248152665656,2827.0,52.553950786590576,20000.0,94.0,6137.505888938904,1880000.0,380.5613032065918,1880000.0
-30.107265,3.633351,29.900568,1.0,-0.022068886,-1.0,4338,0.9268324,892,867.6,849,5,15.447977213862014,279.1984315731097,276.728646169664,273.61330292625644,5,1.9985477840773411,1.0,-0.010140808,-1.0,20000,0.9110323,1504,899.2727272727273,500,22,260.79723608026876,284.7542196633294,218.88748268394193,20.018121959641576,22,90.03433374522129,2849.0,48.56584310531616,20000.0,95.0,6186.1389310359955,1900000.0,411.8120621653687,1900000.0
-30.394762,3.7273874,30.188665,1.0,0.022659253,-1.0,4120,0.9163023,835,824.0,813,5,7.211102550927978,283.6342059466988,282.4522631051019,281.48486358858645,5,0.8758385629603007,1.0,-0.0028907938,-1.0,20000,0.90080434,917,700.0344827586207,316,29,198.75274585110304,289.21364736836404,181.03866579267097,-20.24174717720598,29,122.7090865504275,2878.0,49.62880206108093,20000.0,96.0,6235.835908174515,1920000.0,402.99179447017247,1920000.0
-30.164885,3.476253,29.960064,1.0,-0.03223691,-1.0,3508,0.9545104,887,701.6,376,5,203.24428651256105,276.19287501927465,176.0983819099376,-6.4162851315923035,5,121.61114661875676,1.0,0.014361028,-1.0,20000,0.8963197,1600,799.2916666666666,464,24,206.67415561027997,289.9817491983995,218.18970960320212,20.629870660835877,24,95.7437134724319,2902.0,48.07663106918335,20000.0,97.0,6283.976521015167,1940000.0,416.00252669991687,1940000.0
-29.667068,3.718799,29.46626,1.0,-0.026027216,-1.0,4712,0.94918805,988,942.4,844,5,51.281965640954134,266.82415874127764,230.66136068694178,99.96058955835178,5,65.38673534011993,1.0,-0.0009757186,-1.0,20000,0.9007283,963,782.4615384615385,264,26,154.91641189543543,286.22805777657777,223.20889560559365,-50.21643748646602,26,99.91779328628928,2928.0,53.01305794715881,20000.0,98.0,6337.0496599674225,1960000.0,377.26554125466896,1960000.0
-29.575613,3.7166538,29.360521,1.0,-0.03877523,-1.0,4539,0.94786966,940,907.8,872,5,24.284974778656863,272.4439519200241,268.66942851296625,265.05437932163477,5,2.9006111903260097,1.0,0.0037340818,-1.0,20000,0.9050369,1130,858.0,355,23,163.8734930949189,283.69242649292573,244.4343956464507,-3.8972244064789265,23,78.51077471045448,2951.0,54.54966998100281,20000.0,99.0,6391.667804956436,1980000.0,366.6383317619538,1980000.0
-29.772978,3.7823124,29.55489,1.0,-0.03339579,-1.0,4090,0.9491277,902,818.0,594,5,113.34372501378274,276.14657779969275,233.05069166345638,75.7029191069305,5,78.70246812565148,1.0,0.0065049995,-1.0,20000,0.9033393,973,708.1724137931035,235,29,238.2938014106228,286.707887718454,176.91199777441793,-59.91007468942553,29,127.41780862493455,2980.0,50.22866606712341,20000.0,100.0,6442.009814023972,2000000.0,398.17899948353926,2000000.0
